customer_id,birth_date,signed_up_from_channel
835f110d2db18bd1b3acc3a63063c59ad125a254,1967-01-01,Web
332d56903494dbe693961f0dd0cb71c18a4484a6,1995-01-01,Web
3c06e11e88d6bdcd4745a31e6e3d76f2d58c206d,1980-01-01,Web
550147e201b11906a024a7f410e6a46135cdef46,1951-01-01,Web
2efaa505f57c11be29c0bc56a26b0cadf8061fed,1987-01-01,Web
52d9141be5ed54702f44c86cbc5b807009616942,1991-01-01,Web
26c20f62689dc98919e1aa25f3b2895340419bc8,1981-01-01,Web
08a386ab68d53d7308ce20908aeb0b3e6240896a,1986-01-01,iOS app
be60f958f07d9bff0b0791a2ad879e25ba4dbadc,1994-01-01,Web
8dbc934369049896470bb49692a605a515758971,1986-01-01,Web
cd904d8b4cb1184026f879ec059306f827d8c411,1987-01-01,Web
08c6d66c41a441d803baa68c090b624d2cf67f74,1979-01-01,Web
8a2f75f8fb06de58497cf4fda50effa75d455336,1977-01-01,Android app
39ed912e1b97932966089befb5cae819eff55418,1965-01-01,Web
7a5eb3654e3c21716d286e66f8dd96779e38cf96,1994-01-01,iOS app
31cac8d8aa10740287c161e6af3474d9fb91b95e,1984-01-01,Web
93c3505e75a0dc189a61f516dc59e9619c6b5575,1981-01-01,Web
f984afeae7998204cf4009f4c494a2545aef31e2,1980-01-01,Web
868afe0f724103d582dcf48cae26b0504b8bc11a,1981-01-01,Web
2263c1a9f920009ee2356f5a49e5161bb0accae4,1972-01-01,Web
91e819be10425b86526b2268434f71fa2e564ed1,1971-01-01,Web
69c55b3cd731ad81f437bb80812e192c22f7509b,1976-01-01,Web
1db34efb7088e7b706ffd0dbbd8abe859b048cc4,1974-01-01,Web
7d055f6637a6f33e13d980fee0bf2059186d81d9,1982-01-01,Web
3e6c4a2969e544f04eb43a4ca9941e1c58575a02,1976-01-01,Web
da569bcc667e3e396a2c5266ee51a6e46014f7c1,1973-01-01,iOS app
e31bd878f6879f7d9fe1eb18e80bc0782cbcd5de,1981-01-01,Web
73589f00266ed1d978503b839ce5cb3849ffe250,1982-01-01,Web
674f5e9291b7a4fe80aaed00bd3e7cde8f598c97,1990-01-01,Web
b65a4c8a58a58d20ad7551dc65b95743600cc483,1976-01-01,Android app
daff17b0124e6f17595322c35d1d66385cd3ecb9,1980-01-01,Web
4a95e935a8d46d6dbe624e357b0f1440af7a5c8b,1977-01-01,Web
5ce768cf7d2501faf23d6979864d0ad82e731bfe,1999-01-01,Web
5e79dc773a445c64f3757d2891f31fa0d0f57686,1982-01-01,Web
22e32ee4fc33a8885ec6ce94cbea351e24bc4eb0,1981-01-01,Web
b40528328f16957b23926c2ff71d9aaf9cffd05a,1974-01-01,Web
f43615f48c29bf3061a901effe7bd9e8f31ae1a9,1952-01-01,Web
19384adbf82ad28d8e1d3593d881410dd47c0d3f,1983-01-01,Web
c15c4ad87ae6f671b0f49a2efcd58912b221f617,1986-01-01,Web
2593eb46bbe289dd515e9d65430756c3f339a8e1,1973-01-01,Web
8d6c4581924f1f68166bcb599fea059e4a957dfb,1981-01-01,Web
cf9e46de826986d87c8563cd5c9fabe19ed97f9b,1945-01-01,Web
ec3959e35a99f517de0b2d6aba0816614094bc7d,1978-01-01,Web
0eaac5722c6aec7fb5ee4021b57cff1932926f8c,1980-01-01,iOS app
03437a00722464ff2b0ded7f90cffa75d3ef0716,1978-01-01,Web
a3313d96003675b2360d61cff4c963059c1e413b,1987-01-01,Web
549d196f24e1138e918742aebd86f876a8d911ec,1963-01-01,Web
3d4144b34a021bd0fb20fa2a730cc7bea32a7153,1986-01-01,Web
3f878d4bff3d2eb7d096edf79b260013f66cdf76,1977-01-01,Web
5e96c4a97a92e628eb6868ca8e7d07cc0651c174,1973-01-01,iOS app
ac92e7fda3fddc229d5bd272e386992acbc8ab48,1973-01-01,Web
7c05c0b3761cd84039733d02e44cf4caf177cd64,1981-01-01,Web
5d54d92ccd112aa8b7d18a5f9af386bc8f7d2abe,1980-01-01,iOS app
8084d65c9433e685447b54d1d4cdca9f932809bc,1970-01-01,iOS app
cc1d735eb00136f9d7aac894bcf21b29dd0d6fe3,1942-01-01,Web
ca99e4e6d1ab6cf5e1312053de75ad93513de312,1966-01-01,Web
3a6df98213c4a612eaba492e8793894b2ba356d7,1969-01-01,iOS app
cb48a61fa4f7e1cd704a8f8ddac9955324f59052,1992-01-01,Web
18f1549fd5ff6b05e0dd19b670f1f68bc0c218c4,1996-01-01,Web
f758a45cb0f0b1aae92205fd3072cbb02d8d5cde,1978-01-01,Web
ce2199761607933f76280b0fbfc02b47653a6c66,1975-01-01,Web
1f555c7dfc39b6cceb82e15211a31538f4374a7c,1954-01-01,Web
2f93d0bd303f112256a923cdc5c8f37bdef3e836,1984-01-01,Web
f80d16ad3bd3b606ac513c625ed35d281f1629f9,1991-01-01,Web
819cbab5f76a16c893dba324e366b0cf90828427,1978-01-01,Web
6fabb32c5c9f0ffef32ce32bc61180361c01806f,1969-01-01,Web
e478e5993f801f242bd9ace36af2da752a8f4102,1968-01-01,Web
407ea04e8d3715ebb9364cda1949a2375ce866bc,1983-01-01,iOS app
a8ad7a3fd4fdf49196aa3ecf20b72622faeedb34,1969-01-01,Web
69aab0d1077d3c6773f85e614c6fe4ac5f277376,1979-01-01,Web
8baea8123ed299a8b19409fac87adab3c4a7e1c8,1982-01-01,Web
089a56c6b88d9004df81edefd3608e8a4eb87006,1966-01-01,Web
6ec6d662a0c24e4e70558c9bd31e1676fd4f280e,1997-01-01,Web
369c69a07e9c3633c1e1bf0d23b79e1e832298a4,1991-01-01,Web
0c45c03208ac57a8a7bea83c29694187d9544674,1977-01-01,Web
2944abc9274bace58ec26c592f9c6488138d9322,1978-01-01,Web
0cc1252c01202602225a895bbf1f4557fde683fd,1969-01-01,Web
7d2a6678285d326cfd580a1a3a585af01af412ca,1985-01-01,Web
7e175508e83d377cf506bbe557afd628796b9fdf,1982-01-01,Web
aeafcd81c7236587b0482e60cd9b8a78ee5c5649,1981-01-01,Web
2705c72a15d0bbc864d0ad0fe2e9df7301dcd8bf,1988-01-01,Web
d5213956c128feec8644e9b7e74dc41bcfb9db83,1983-01-01,Web
b01541134806a488cdd8d07b66ac0ec576cf921c,1992-01-01,Web
c6a3480df9d24051c09d49c2abfb054b98f600ae,1959-01-01,Web
13c6121c6460d2c8dc1ce0972a3421d369311f99,1983-01-01,Web
884dfeb9f296efa86cbd48b15e9c5180030a8b3b,1976-01-01,iOS app
7d3813d85832eccc93b10b7ff77d0ab6010b71eb,1979-01-01,Web
1dcfcc21f528b47ef94908fac89d07b64d356d8a,1984-01-01,Web
407696cbf97f12ffb9cdf972eae8ec9e8043d7ef,1990-01-01,iOS app
f332338eb718fc8201bcf7477ef3ee088870913d,1974-01-01,Web
7f0bb21d89257490fcc021caa1284cabb2646e1c,1974-01-01,Web
ecbe80745b3af39d567522ec9a5228f9aa499355,1974-01-01,iOS app
4fd98d3cdab085cc0c234d9ef7bbd6ae9b15a6fd,1963-01-01,Web
67ed86cdbe49f49dba7c0dbcfec7a62191677755,1968-01-01,iOS app
156a38b3049bf5a124d968a68a0add60cafb240e,1994-01-01,Web
ccb79e656c829a0bb0b29e92bf175e24a8ad805a,1987-01-01,Web
95a20892546be416565b2cc0065c3722b2d3fd87,1984-01-01,Web
8befc89327314cf361320d900381136751a8497c,1931-01-01,Web
72fe81075ebf92ac231d314ab7514854eb77d22b,1993-01-01,iOS app
3ac1309aa1337c8b268590542b00ea431f1f2b14,1984-01-01,Web
55b1e0cd9a93c00d9f10d13dfc656a56100152a9,1996-01-01,Web
a00a94cd7c3278655b3fabfa75604c8d8bb097fe,1966-01-01,iOS app
b02db00b96396072bc0b4eec8a9c8640eb2a47d3,1977-01-01,Web
a4dc910df9362516b2a6f91d6a830f5d1dc6ebe8,1981-01-01,iOS app
047e38caf8b751584a459b29ae4a681f21a59ba3,1972-01-01,Web
aefbc52e0c60dac55e933d0b1b65b7279ce24bf8,1989-01-01,iOS app
fe23dd78f96e8db6da78d7972b014cfa66e4327f,1980-01-01,iOS app
c443e442a84909391f9a7713d44857ab2848281d,1972-01-01,Web
d94ec6af31f117be82133cd92665252dff3a6727,1981-01-01,Web
cd33dbfd1464470d9c2fea68e4144f6ea960c01a,1973-01-01,Web
b34aa4a1bf48c40ae3e132fe6438f0e51d2e552c,1980-01-01,iOS app
56ef2ab06b105fd9007b1797be5959a490288372,1990-01-01,Web
7a89ad3763d97ea8ff9de264cc655268d613c67a,1985-01-01,Web
2daa125ac0fc31a8d781c1b1b6a1c652a7231e5a,1985-01-01,Web
bcf6a7c040fd98cdaf116574fe61e8a5a1745dad,1980-01-01,Web
40cf7645d44452e518e164d80cc625daf468cc05,1994-01-01,iOS app
25e57c915a4614f95b81a178002846f32eafa35c,1982-01-01,Web
42d70c111366c2e57877a60da9482448c16a92c2,1986-01-01,iOS app
737323a66ab8d73c6d428735e42bee317d2c8feb,1987-01-01,Web
419f125b46c3d371f76b9140ac7c97756acc37dc,1983-01-01,Web
aba70455e877c5c5e765d9039c63bdf8bd6fed7f,1967-01-01,Web
cd03b13d39ec5f8b13e7030e660e714935371622,1985-01-01,Web
29614ce3e0abc5230061ddc6bf66f7033ee73fc7,1986-01-01,Web
c404fa0f81bef26c46ca4b958074d804f558a108,1960-01-01,Web
69dddaa976e6dec6c066a5e4f99658f622fb4636,1972-01-01,iOS app
acb45aac7d59d3ee2365c1a9ab135b5422fcd026,1989-01-01,Web
8d6ea89f2764c34d80e0d6da0ab0aa605b3bce53,1991-01-01,Web
eca65dac1cfd2c68804a867e98618689c21f468a,1977-01-01,Web
31f1124a45ee3a0d6495bf56f6accb585130131e,1987-01-01,Web
027102fd338b940030865c811a5b9de011fd3ff8,1996-01-01,iOS app
1aa3ddd700fef791a01567f0dc66ee99b04f1b6b,1999-01-01,Web
f40907e04f397e7cf901bd48c02d0397228d24d9,1969-01-01,Web
3b2ee8f81532ac0d4a04b0c3e521f875f16439ae,1971-01-01,Web
846aeeba420df58426db890a0aac8ecfc4e33679,1984-01-01,iOS app
d01245266606546ee2e1883e2bd22c7adaf73aab,1976-01-01,iOS app
d3a1fca18ac90e49032af71c0f354b29065a40e6,1993-01-01,Web
d9b2089c49422baf62f8a674dfbe83976c54c0c5,1933-01-01,Android app
0111ea5d7b36d30ac73622c155e95861db294f7d,1975-01-01,Web
842af95a90954c7e3e9b1ea6dac6cbc5c50384b2,1979-01-01,Android app
9310f5c8c068596f8c9bf9228bad35fd5c708efd,1973-01-01,Web
ef8b271a34a8299453c41675d9b69dd4b90dd4d7,1968-01-01,Web
78c982d86860dd6c6a7df6bc1ae2ef3a147e0c5a,1977-01-01,Web
3da61713bbbd8c672b22cd9a8ab7095486d8363b,1996-01-01,Web
bb1ab1bd06653b422f2a78b12c8e9b4b7758abe3,1971-01-01,Web
3426afd48c6f7e4e820d83302b34718a8cb0fd70,1973-01-01,iOS app
1f30f08bdae116b96ee8ecd1d8cf04e3fe081eaf,1973-01-01,Web
cccc9310f4dbb6a901e893fa6ca0200b4acf7c81,1987-01-01,Web
a4989e6d28f536b56ea5987391cbec1542aaac2f,1982-01-01,Web
9bb279d8dc0734a54e16ccf14d133f8cb018a6a1,1969-01-01,Web
4f59c3dbf7035ea01dc8ef9550c92186752f673e,1975-01-01,Web
4864bacc6d3a7ef5351a9e34b1453c017bccc9da,1980-01-01,Web
172a30ece1cf037c719b292d846a23ab10075d13,1964-01-01,Web
695d97dced4eef919bd5f470f081912c0145fff7,1980-01-01,Web
13da834315c0c8a5b0628ea5ae175a214e69ce37,1975-01-01,Web
0fa8e832e5b313febea30e0c02300e951d677446,1979-01-01,Web
ac9636f19beaeac3834498e4325ea9a1d539ac5c,1969-01-01,Web
f0c18c43d4351bccbba91c3160077caa5f6d7d25,1973-01-01,Web
40ae8c9cfc43b2b031d589acfe3cf88382a2dd80,1975-01-01,Web
7cf636b4adb0b54d85189b0ba1393109e6ed4bb8,1971-01-01,Web
98ad4702ce9118edc19edbe20cff82179a0136bd,1996-01-01,iOS app
c80d8a9c2b3aecdf9a384cd56352270b8817c4ae,1984-01-01,Web
451e978087a139681b4712ae7d4c90223a38a19f,1980-01-01,Web
c83180c13430029b8a7cc39b0195e18c18628951,1975-01-01,Web
fa0beda9f245b5ad125e5ad5a0f0ea9442050a2f,1990-01-01,Web
ae890997cffb38420f946d18a1ff12da0d148df1,1975-01-01,Web
26c18f81c8ccc1d84df0e2ab8e119e0c6c8b7aa8,1986-01-01,Web
e66faa05687654b3005dfbbf62fbf243b4497847,1983-01-01,Web
040946f4a3192cc6076184b0f8c7021fb23e756f,1977-01-01,Web
685318376e9d97a07fe860d141439d7d751bd25d,1978-01-01,iOS app
6338639bc29fbcde8fbfb17e0e5d1dcae639a9f3,1984-01-01,Web
086a9beb820a1891d085e53c41409a26a79f0e34,1982-01-01,Web
43eb98a046082c17c3b7135dc84671c35d64913a,1978-01-01,iOS app
b83e06d67e4aafa7d217e7ddf33bae5bf61555d0,1996-01-01,Web
2613340777c21fa49a5beb971ca1aec44bc58497,1973-01-01,Android app
80aa1bf0a13c2d240ef9a6f69524da124c6f8da3,1982-01-01,Web
b66f77134286b37c61ae2831c33a07e8888827c4,1982-01-01,Web
ee9c7554d08e1084c228b1e82c72cff5d1541578,1988-01-01,iOS app
eee26733a98b061e77627ba9003a6a27d18c31f1,1982-01-01,Web
be378670a039511b91d2de0fd87856f7fdf7fedb,1995-01-01,Web
902433f4af437b90afc550191575b5c9246b930e,1968-01-01,Web
1a5be097336f7be8a189c2c56bda251be1477e32,1979-01-01,Web
ae7c27a82d186f7d1cf1afe5fd452fbd9d75ac33,1989-01-01,Web
feb201d2088c3c95382fb49bf5b67c6497e4a48f,1975-01-01,Android app
fd9daa8b755d59870f12cdbbefab7b99b9c101b2,1994-01-01,Web
2665320ae7feccddba074473ae51f54b0efd4bc1,1994-01-01,Web
f4818d23e968bfc164b88cce6a64d5ad3df7ca59,1991-01-01,iOS app
19336de82ad2dee34f0964378f9f2421fe94e3a8,1975-01-01,Web
a57bf6198b6235068a849b5e3ddc7744011af4f0,1987-01-01,Web
8a592e8041cbcf16ebec379f8818aeee6dd30d9d,1985-01-01,Web
6242a9d46f2bf4032d084d056ad598986ef15440,1971-01-01,Web
508e2ca1b950b3530cc2aa76074f67a7d04a04e0,1992-01-01,Web
356535bd39ff41c9aa4d0c0ad4262cb210021745,1990-01-01,Web
5ddf1db3133619e82497faf87c3ee6ceb9051231,1987-01-01,Web
1ebb4ebb5893adad2407c8a1a1ee3c8fd70deef4,1990-01-01,Android app
d9dc00026a46fcbdcd9d66c98ac7499279f9212c,1988-01-01,Web
6e95a576b0afe6d10d059b24ad3a8ea60aff25d4,1960-01-01,Web
7b445abb1e0d303489e464b3314db0b48c1d3457,1981-01-01,iOS app
8324766ce239d01947758ee7da7f8061beca0635,1983-01-01,Web
22860a8e62ab931bec16ce6628d222cf9a4853ca,1975-01-01,iOS app
d87f47f9f1210797181881509b5ff3ac45d3e8c8,1981-01-01,Web
35b782bba701a2ac8507a32f0d10876790a73e21,1972-01-01,Web
a8c43e9c06fb1e13080f96e5910376ee21572519,1970-01-01,Web
3a93a14fb9236e8252da94579869d23503b89d2f,1962-01-01,Android app
0c35aec3ba37a1f5bd167b38861a94a12fb52501,1985-01-01,Web
d59dd130dde2feb0416183561dfa2e1793f6f587,1977-01-01,Web
eb7b8a0486057b7ac3f700718eabff2c7551ab93,1972-01-01,iOS app
82f86027660d1d75098b73bb691723a40d0614a7,1974-01-01,Web
2599d98044d4f1b97af1b2e299f82c49ccdca040,1986-01-01,Web
8a38b46f51045c1f7faca1c067f1f06d75289b11,1994-01-01,Web
ede90165929c1436b6cacaa6338c6c1393ac30bd,1979-01-01,iOS app
4a3c7a1775a081cc0ec585c01a1ca9b5d42dea6d,1973-01-01,iOS app
07f001b63337bc1d61baed7e274dea5f32918163,1984-01-01,Web
9ad162a2d296f09b4fe33534a5011ddf8dc62ea0,1979-01-01,Web
3394bb7f9714db39d554a5f7dbeba0a65ebb7274,1985-01-01,Web
294482eef0b3d2b8b0e17bd944d2e3d49e3c7c55,1985-01-01,Web
2c759ec573872065d5fe93ed1eee2ff36b5fb85d,1979-01-01,Web
c1a434636d262d1073f75d1d48d054827693a297,1978-01-01,Web
1c2b4ce6760d8c852af5c3c6b0f812f6a725576f,1984-01-01,Web
bf42150080d653611f0f24b7554d92da8b0d3002,1978-01-01,Web
635266ea185e78c0277a98f9a121dfda28812552,1987-01-01,Web
65848c32f4fa27f4fd7fd3702649148662551d0e,1978-01-01,iOS app
dd50b20d8cea8f83b808b6141f7584ebf10f9435,1953-01-01,Web
681c930dcba6f58fd16969c2e2b7737ed90cd6ef,1983-01-01,Web
ed7e75401c2df28e2dd0b6550ebfbe08d1bdb6f1,1991-01-01,Web
44cd9fadb94525dad3005acd98ff08ea49f580d8,1976-01-01,Web
dc6fa61305dd33147526c6380a3c4bb6bfffbca1,1982-01-01,Web
d5688bb4304103b9ff6c6ab90c0f3197340cd5ba,1985-01-01,Android app
18a66fc373aca6225fd87072253341af4db0ce81,1991-01-01,iOS app
348f4695ca723d6beaf3053dd3d14b45aaa6f871,1995-01-01,Web
5d69c123923942b72154245ff506a27f3ea7ed7d,1973-01-01,Web
409f9b24c37550a28d254ca0de51e0870fa18a4a,1981-01-01,Web
471f0af563e79db45cfe07485e097e8e7028998b,1970-01-01,Web
12c48f327d235642cc65d82da11b2cacf36e5552,1978-01-01,Web
c8d5943ec8c85c297db61963851e16ef6b0dec94,1984-01-01,Web
ca5a3617a937e662e1a5ce07b4e29959ac501193,1980-01-01,Web
195a221324c2bac5b58bdb854204c7e29a3d30c7,1986-01-01,Web
3f8a2f5563748bf0e6abcd3a87b8c1a81b3b6768,1978-01-01,Web
64e9fae59d0870b6ae25c376bc99de55a812cb03,1966-01-01,iOS app
12f4f051ef97f5cbe55af3eed1434821167115ce,1969-01-01,Web
500f15f8359ecf26d28ee355fdc4615a6c9f77e3,1977-01-01,Web
c9150e9cf380789d3e35fae78ac3b450cb6e668b,1989-01-01,Web
d2919e8e0279ee63978e3cf8391c8772a6823f79,1983-01-01,Web
7cf7ca14c4590600ddb657cac85b27404785fe1c,1982-01-01,Web
2263c346d532a2302c09428916070210459c5ded,1985-01-01,Web
4a8fa2975223dca35389e41ea1241abc958fb038,1968-01-01,Web
77814dc23624db18330c9da7e06a56e438c34e2d,1988-01-01,Web
498aa1acf2df8d9e6ad04db44e2a3cd6f2e78f76,1977-01-01,Web
7334c6b42046a35b65c790a9d2a511feaab31dd1,1986-01-01,iOS app
01c1c75f80e411b8f5a1a509c1e7219fe7f50270,1991-01-01,iOS app
fb820655bba262a9b0bcd8368361edae85f1c792,1975-01-01,Web
d4a6b0c62e0579bb484212696ad5c417e289203e,1979-01-01,Web
f486871b942fd25339d2661b3e431ec1d095d4ea,1960-01-01,Web
9e37ef480f455d42366e4df0c6262a7ca96d3135,1984-01-01,iOS app
88c70fba390e0752968c649fdebd72b1e2e74423,1985-01-01,iOS app
28b058c69fb5726e207cf0107c6a526778ccb514,1990-01-01,iOS app
cf40682c203b0bc85f7f0da7d0c4d13f14ae9eb1,1976-01-01,Web
f02ab64cc9dc5aa930a110cc651f67ac45aedfd2,1982-01-01,Web
49ba0f886608e7526544099fcbd81a8fccbbd042,1967-01-01,Web
a2b0faeb260f052c86c35189beb55639dcd34493,1983-01-01,Web
7e0795a88d9c79d45fbfb8214e9e084a090aa6c4,1974-01-01,Web
98ed68bb81c67beec628a3237cf8bf9d111fac8d,1951-01-01,Android app
9add4c40abe1021b3f4e9116be4eb1b5be975090,1980-01-01,Web
605939922173ba0f616026a15eacf0a6f177a80c,1988-01-01,iOS app
883c66d8e1eb33bc7962c50264ad92124c3d78dd,1991-01-01,Web
988f05c011a924351845a4a002f22fe20c48eda5,1937-01-01,Web
ffd06607461d28933eeaed7cc438fdeeb9c559af,1983-01-01,Web
280cc5f8154d75c406b79ada7a225b5fb6630d92,1988-01-01,Web
66671b6ec1387fb6fd0f09bd1d948411f2b944bf,1982-01-01,Web
ac9be1b9132bcc5250879328765b454ca60a4cd1,1982-01-01,Web
9ee691be592b35aec9d71c91fc71ee47ead70db2,1967-01-01,iOS app
dc4a581bcddddf15b8ed1667e734be118a8f319f,1990-01-01,Web
30dc504176d618eb33c0169a4336ccf98aab7a73,1988-01-01,Web
b872cb02ac5f00b953392fb5c1259beba905518c,1976-01-01,Web
7ec7cad4a14e744e7fb16e261ab3dc9c8eab593a,1982-01-01,Web
e24eda18987bae865da19b4a63f66cd45ab1be23,1986-01-01,Web
d7512296aa95917d7a0e8a6d9f649d05a72639d1,1986-01-01,Web
ff42d13412faee4d628cd9e0e9be2fdb712a3db1,1976-01-01,Web
f11f7705bc76f9a80ceca84f642007ccb6246ecd,1986-01-01,Web
d137de8931334c1333003075af8bde475c05c1a9,1981-01-01,Web
c51c9456666c989cd831bc08a86d82dedd0f19a7,1975-01-01,Web
83da98b02a0aed7c6570f9d3ad393b527e319935,1978-01-01,Web
5286c74962a90cd1600ed50e42ee74162850bbaa,1967-01-01,Web
16e0c6a955e28bf4a19a019090e71e3f13700caf,1980-01-01,Web
2e7f01741716527d2af335141ff3efa0fe6d7761,1988-01-01,Web
03449463a6700f9b17c68659f23a52c869ca8e83,1981-01-01,Web
c7658f2cf0f12620a800d2d2a38ae7bcb9dfc833,1970-01-01,Web
1fa7945a1251f018d7bdaa87e699d40b6f4a6113,1980-01-01,Web
aaf2af50c0f47e33251922b98da0c7cb87c57f26,1994-01-01,Web
b26aa9607ee6790305ddb880dc333c35795ae146,1972-01-01,iOS app
50cdb888490fbc0159eb05e27a55e7942486033d,1983-01-01,Web
885e6d2a7135a268654d5c3a5290cdb8ef7fef63,1982-01-01,Web
b184b7d035d56b2629b29e25e9eb37ae70d805ed,1989-01-01,Web
7141bbe14df174bb02b9adf876f2e5facf287527,1972-01-01,Web
11d426f63baf60d00247bdc1a6e33dbf98f2bafd,1979-01-01,iOS app
0c45e29cdac6873dd2230a549798aec57ce134f5,1982-01-01,Web
8bbf0a8c4ebe687434c45e063631bf1de7305234,1992-01-01,Web
68b04387e4cfec4a3abfe282cbc119257be8e206,1978-01-01,Web
d04d62960fb120c6317b9e6d8e4595a34f090624,1989-01-01,Web
ac03bace9be47f3fbfca2a2dfc39ab797108731d,1994-01-01,Web
ad524cb7bdf7311cdda220135c162691b5cd31ff,1958-01-01,iOS app
978cd80364c861e88acec86b277d1ae6ce061dbf,1992-01-01,Web
f7e39cc322a01e357c9e9e4c90dd660dcfefe136,1974-01-01,Web
594d04c5b7060c58451246e34ea1983d23886468,1987-01-01,Android app
fcd362659bb14d6d677a36030b2b97a7459771b5,1994-01-01,Web
2abff116c20d38ab66ea689b130ccbcb454eb09a,1986-01-01,iOS app
3965b9e08d8effdc33e85f6727289c6fc5f3b45b,1947-01-01,Web
f589ca560a1f7c57b2bb1feb86b49fb8e5b2c9d9,1987-01-01,Web
a1f895ceb36a316dd660f44bde354eca3a442184,1992-01-01,Web
3b4251e5cded3e94017f4e2542a207323c26bb60,1979-01-01,Web
359b3564eb018a5340ff65dff63aeb72057e7dcf,1975-01-01,Web
b77ce7b4614910df5d7302c975fb7df1fe3a3f91,1981-01-01,Web
b3309c1752e95b4f787b17cf9c399210565305b5,1995-01-01,Web
9aca0af3fef3602b31f488e8f92f333604f57df8,1964-01-01,Web
c7e15923361b91acb0e790c2e025d22660895be8,1983-01-01,Web
dfeb5ca3f892cff060cdbac402016055c641bd5b,1980-01-01,Web
b59a74b0042d2844675a7b01a499f7cf96610c05,1950-01-01,Web
99bdfb4bc576787695339b6c5405048feac36317,1958-01-01,Web
1c36dbb68c933b502c563b5318551c3eb9021061,1979-01-01,Web
16d93cc10a48f38563c010932bc5784231714e47,1987-01-01,iOS app
1a5f6763e5e9e5601599caee17b03dd30de7d01d,1966-01-01,Web
14e9d3416a2eb391d4ac33e540cac8d5c20af218,1976-01-01,Web
8a0a0c154c35dc4acbc5b3d9350a021ad7e5239e,1979-01-01,Web
10da8ee792b8bb371e96a69434d91868a2ca9d6e,1977-01-01,iOS app
143abb8ef5e91ce2b3426e234ee0c9fe52b8c31f,1982-01-01,Web
b270a0432b97f409ed55209dec3ce39852143c5c,1968-01-01,Web
1ac50171f4bfe8fb94e614933b2ec21e22462d47,1983-01-01,Web
bbcaf93708cb5c27095a5250dc1cb94d56c3e5b4,1978-01-01,Web
2234468f3c87a43d443383e868788534dd60ccf8,1976-01-01,Web
cf714d0e4967ad243d5c0007fcbe4663509cb844,1986-01-01,Android app
0e7baee9fb287dd45b57a9e3c265b53f32c58677,1975-01-01,Web
047ee3862936d2ede1950e767694f030d7a31221,1986-01-01,Android app
e5c494dc22a7789caf50fac5b636b4378663fa90,1986-01-01,Web
c66fb2f9f43aa11669953654a4686e632b545a90,1994-01-01,Web
b1372762dffa535fa8e81c43c72dceae8cf80799,1981-01-01,Web
d0314f657ea65095f4b834830fc8fecc9b28d430,1986-01-01,Web
7a46fbb1a6d8de0d2fddf10f739b0bdc4af2ca48,1956-01-01,Web
493a5273bd78c9b05012e6b1f99c56c908880f51,1985-01-01,Web
94f6e5a02002a4e373212897ff877c0ecc906f4b,1937-01-01,Web
765208aeeeefb01a7aa2cc397f5eff54faff529d,1979-01-01,Web
43e6e3c1ec6e67b42ff60aa52f7a22ea79edf6ae,1976-01-01,Web
d894501223bfbd28870ed3cae19ab92779937d45,1988-01-01,Web
a17d859efcb74154852d5041c3087a929ee73c70,1985-01-01,Web
2a6d1690bd9d2156950f8982bf10b16f43471449,1953-01-01,Web
7c6f5e28b9d4449239d9b28099c7f0fe452577f1,1975-01-01,Web
9bcdd205756e7768a36233ae56f02a08ad4591cb,1980-01-01,Web
1f0b979651b896eadb76a52b5ce0fe4f23c610e3,1975-01-01,Web
0df2a3dce0323423fd3cf6af603242270a80ffff,1986-01-01,Web
8169600604e3888dafe93b4519dc93891f10c5a8,1988-01-01,Web
ae0841af7f9889977726474a48299703df0a76da,1952-01-01,Web
9c80b1f73b849ad021bdb3062bcf234bf7ede8a9,1983-01-01,Web
be2678a1b9fef9b3522254537cae67f8c4cf5a4a,1994-01-01,Web
8bdb36cb0c26a44940b4f2cca07bd82882c6d84c,1985-01-01,Web
bf71081379f699096b2fef4253aac499f702f8a5,1984-01-01,Web
90242a1d5387e1a1720a1d1342ba163c601746bc,1982-01-01,Web
db75c3c6fb698dbcb6f62faf927382b5227544a5,1984-01-01,Web
1270cc35c02d0f5121b833afc8353cf23e42a487,1983-01-01,Web
9390d41f7c08284b7783d2a83066bba1184f3ab3,1968-01-01,Web
3e478ac821f2de03f929169c28172cfe8ac0b76d,1977-01-01,iOS app
01dee9090a1732d7b93c8b316ae8fcd850db9a81,1984-01-01,Web
187f14384da3d790922729ae5326886e34052ddb,1983-01-01,Web
e43a14913a11d69945e191d32d70fa14f3dc16e7,1975-01-01,Web
1d6e7ad043cc3faf5fec91e1c6fe39b1c5ba6c55,1976-01-01,Web
699833e6406d6d91d976de111f9801d6d158e81c,1985-01-01,Web
f4c16e58a674b74c3c6edfb477b501d22f71f51a,1991-01-01,Web
811a7a764e07b157297418d7b87c2ce8767fe3f1,1998-01-01,Web
3559315b125a31f7fffee923906beb8bf805384e,1990-01-01,Web
1ceac8002f2d42e7e0021df8c3fe906ffbe7ce83,1973-01-01,Web
17e68611f9602706854919925643b42d503d70d6,1986-01-01,Android app
dc1fa7c2432ff3c581628f8e4347e8b56689df69,1982-01-01,iOS app
e0e4dce91ecbca33a340cf8af1b14e2fab404877,1973-01-01,Web
413e6b676a02e76398e46b2b265f9c755dde028a,1987-01-01,Web
6e4fa44b8267c67f7e92c9bf25875ba1b0b89b13,1974-01-01,Web
2362883feda920c713baf7e01ea24e7ca44445b4,1978-01-01,Web
640e2af9dd2932752bdcc4f232e29b023c2b758d,1980-01-01,Web
1c436ec0ba6ba0ed5c990afe2496dcfa1a327127,1976-01-01,iOS app
ee632191454a03853c7e3a624dd9a471304c2e29,1979-01-01,Web
f6da50ed9e6f730a82818bde332fbf324689cc5d,1967-01-01,Web
b2cd1b0801e9ac9f64a53cb4af6c691dcef94af3,1984-01-01,Web
562c6b2668a05b3dcaad1472a75c28ab30d99ce8,1978-01-01,Web
a79b36efdfb6ee7daaa4264c7ae00bc8fd52cb67,2000-01-01,iOS app
b4c365abbfa32865409d6c34f860dc0b9c60ba4c,1982-01-01,Web
def946b1c75e0bc0d85f491cbb27c08d09c19982,1975-01-01,Web
607e7f9ed05b3bfbfbea93c2ef93023c1e548f22,1945-01-01,Web
73b588281490172f9398a9f1d9b1caa70e2d51b0,1987-01-01,Web
958fff8ee71d5d064a041cae3e5ce39f56f1e8e7,1978-01-01,iOS app
15ede3afc63c9b777b1143a1a1579146de7184ee,1985-01-01,Web
fbde3e445f425813432dfa82b78515ecf1aec02d,1981-01-01,Web
936cf170ef60135c272895c97734f130a7d2d07c,1979-01-01,Web
9ffaf03a635ae801440b986ba9ac179722e32231,1989-01-01,Web
cd21de0992bafcd105505bac4ec08827b3ac9deb,1982-01-01,iOS app
40bf9d4789a45c4e1dfc6963a82b7bf41b3f7e75,1973-01-01,iOS app
2a49931fede82f451dac5b197f134679c7f39042,1980-01-01,iOS app
4ae1bd5ea8b064dc5d46631ec6c5022ca12c8068,1984-01-01,iOS app
d6e65e6ab3cc9d1cc73f48549d4173d55cd0f76c,1982-01-01,Web
82c4a70c23a23f503b67c6342b98b95a39809a80,1994-01-01,Web
19df5f320cbdcc116cd169b5e0f26ae91b00ab3c,1988-01-01,Web
7529ca78b45f1ae5783811fc2606b7cf070135f8,1974-01-01,Web
ecb5654df133e62c41ab3b1b7bcf87ee689fb5eb,1978-01-01,Web
cca4e7695501aca3115df12f6d09c018e1f5e036,1987-01-01,Web
8081af1740dc156f98069f9db3fb49813395e38f,1974-01-01,Web
53c7175b13668cb48f2997677b8d4e4d5e7459a9,1980-01-01,Web
284def4da0f2a43f1885ccad6ef6242ff4dc9054,1983-01-01,iOS app
ff1115c4b8722c55bfa2f9de181997cd79a2229d,1981-01-01,Web
8f54f873f8977d9bb1a23221e1bb4fa856936c10,1977-01-01,Web
070082fad315b5fe1c6c4aabac233bf8ea3faab5,1969-01-01,Web
c4015fe7e033418c79009c64f0ae13f03818e339,1975-01-01,iOS app
9e57be42e84392f08a06d168c87be5d144969593,1973-01-01,Web
e2db95d85fa9e7ee08fe1cc908c60e64c0c45573,1993-01-01,Web
b5260fdf210bc73ecbb2f4e006d8b0bd0810f715,1981-01-01,Web
ae6b99c2cb4ef8b863cb5bc3b13a54488fc5b8b5,1971-01-01,Web
384f9d881f0f29c00d403dedd46e02a0af46b8ff,1959-01-01,Web
4080612570be15e797c5dae4449e556f77faa2fa,1984-01-01,Web
d6f94cc78b319aa003c7b2dbb6f2673a108e7984,1985-01-01,Web
7b8a888609960adfb12f4d98620e55bf7292adae,1975-01-01,Web
318c4c77541addb57491bfaa7db51e4c3a9d16d7,1962-01-01,Web
5e3dc0a8143761e6afd9085e3bac69af7516ce78,1973-01-01,Web
16d1f0808f5c739d7bacff47c27a829f5eb7888a,1992-01-01,Web
55d05e30caf03d6ecbaba03c671ee0383ef1b5e0,1983-01-01,Web
018deb1809029e543146d1352861280e46a835da,1997-01-01,Web
6b6c1bad5e83a34b21ae13bf2de03325fbdb9762,1978-01-01,Web
75e939ff06c541b13bac235399c77eb5ac6183ff,1982-01-01,Web
49611d51ae4a306a4c1555985e97c67d71b58b61,1967-01-01,Web
e683233859dc4fde0b82e29b8f1b64f32efdac6e,1978-01-01,Web
bce44511845e22fb307c37a20c4d104fb29eef76,1994-01-01,Web
d068ff69a264d339a41b712b34d2700c2c92340a,1967-01-01,Web
398e6515c1bbd2301613e354e6aa0aa6c4153967,1979-01-01,Web
b14ebf58c3d6f7f59e6235111b52e9d03351a845,1980-01-01,Web
4fa8651a29e8bed5e5ed47102ad3b06777f2ebe5,1974-01-01,Web
239a1a8a4a242243d5f55381cf963c2caa36109e,1981-01-01,Web
48e191da64a63bccd596f5e3e3718aa2bc8f72a7,1980-01-01,Web
de93f96e96c8652ee2bd410ded22c161a8b9f668,1985-01-01,iOS app
e7bee344577ed6b96981cbdecabfa4f26bf484c3,1985-01-01,Web
740f444ab0499e53953c16adcf38c9c8ad45c74e,1995-01-01,Web
33e312492aa920af8ef0c8765b372acf83997ffa,1962-01-01,Web
d4cb3e6e36dc002f0c3ebf59181b49a31540ca7e,1982-01-01,Web
c387a85cac64c9c4fa6d57a5ef0dfb8ad97a6d26,1986-01-01,Web
a8a613bb92f5a1d34866515263f2118cda9e39d2,1976-01-01,Web
e1e45196165154e497a8d21868556fa080c43855,1978-01-01,Web
3cb7ef4ac24f2cc09c36840ea88ab86617338c86,1987-01-01,Android app
f11d13eb9cd690774215718ed75ca44335ec7e45,1990-01-01,Web
2fd49f5dcb8a078ac833852f971b3059efa6e367,1974-01-01,Web
0a8a24b1637702a5907366bd4dcbbc03712acbbf,1986-01-01,Web
7bb9edaf2640ac732b5fb53e978f5daf88eeafb6,1989-01-01,Web
467b4c59137ba01a8c9e36354f18bbd13b4d698e,1957-01-01,Web
e10c572312ab1a4f07df93c3043559bad5630ef5,1996-01-01,Web
c3c8d75e80774c902bad7f986c5e44119c49ab63,1970-01-01,Web
a718aa61979d7d584306a8d874d435e5b07ca616,1974-01-01,Web
961fe16f02456a806da2a8c75653bf71fb3307f5,1988-01-01,Web
01c002277cfb0ba01d6ca1470c38f931df516958,1988-01-01,Web
11f5c1570d67f145ab50ebeb9b0fedaeb23b1d99,1982-01-01,iOS app
f8c592d57ca16597b501f65f6e3af576c2897721,1983-01-01,Web
40e9279d4040d6510a3227aa7edaa3f08bf1d15b,1978-01-01,Web
574a1a41400c540f79759953377b2c431c7112b0,1987-01-01,Web
d0c7f947d097784cd153e103a88beb06ff2e544a,1968-01-01,Web
c05682b1f962a9542a4021048a50ddd4489c24ba,1987-01-01,Web
7f2164e0d77753bcb0a6f14833455aee3ebc94e6,1979-01-01,iOS app
07d74979099ad77d4bbf9609108e3397e214492d,1984-01-01,Web
ebd26fad861cdc3f7404478289ef2cb1477a7aa7,1993-01-01,Web
fac0dd73934de1b56db0f5d1a4e0b47a78cba586,1988-01-01,Web
dfed5e157211487c66595ff3da716e3c095fc072,1978-01-01,Web
01287d6a162794ed9860fea52b79810709e1a4bd,1989-01-01,Web
84d3da657ea477d8785d5a707c309a2584b5632b,1989-01-01,Web
5d6ed4cc5d097ba39905f3123248ed95992f1d78,1983-01-01,Web
7070850201fe12b4e6950e75463f353813a59f89,1990-01-01,iOS app
bd531148db9390974426cd33f8774191e2af045e,1981-01-01,Web
aa600581960e5543953e96ced2a4258debc2f287,1961-01-01,Web
91d73cd6661948519aae2c2aa3efe8158a5401e9,1977-01-01,Web
ad1f256cf9892ca796643d72534688765cb64ca3,1987-01-01,Web
35c3aa03ebc205d2dae71546b328a81e6af70291,1984-01-01,Web
474d1b24030a11042f7e1e9ad8da38ab175fe608,1992-01-01,Web
858b8c88a47f644766c3b8eac4adc0ffd9877799,1974-01-01,Web
204232c63e767233696a0a5dac5e1efa15acdb9a,1959-01-01,Web
b133b2c4d704ceecf489e4acacc4ad84f2fcb657,1976-01-01,Web
c7fd5d4995ec57d6e557625f3b7c09eacea7a3bf,1941-01-01,Web
960770b6b422d1d6e16fd289eada71ace0baff77,1945-01-01,Web
4a2ed4d91e19a88e9bf084d07196bf43c8149293,1981-01-01,iOS app
9c7f0695b803c9c0b18a497307e8556f06adadbb,1981-01-01,Web
aa9ce188024f893cafbb42d23d3f2748af5a190b,1983-01-01,Web
2f0cafe0430b034f45bfbeac762884b3c7fb66c6,1990-01-01,iOS app
e4eb71b167d2e9ef1482abe0f16367c334d4c00e,1978-01-01,Web
75a051319405c25e3f9678c4451cfa86c9eeeae8,1997-01-01,iOS app
ce9bb1260187842586c865e4af2a54ea80dd1abd,1992-01-01,iOS app
b4b774552ef7f0d5c50c01a7cec07b87304e8f9a,1994-01-01,Web
cb58c376c77fa09772e5859694eb0176c2e0e3ba,1981-01-01,Web
ef8e66405c26b8bc4ecb5e838f16c7c3bac870fc,1991-01-01,Web
541f601f9bf52a089eb7360ee96cc94c9e116d5d,1948-01-01,Web
83d10ebf7a9c72fdac745cd08acf4cf4bbac81bd,1988-01-01,Web
7eef3f851375304e4e89dff07a99757c82b11b08,1961-01-01,Web
d8c6649c62b81ffdc3de2dd450446540cf5e4ab2,1969-01-01,Web
d7a7a511504707a398b7f2235c8cb2d621fff685,1955-01-01,Web
276531b1d9ec9038c457c4a0dfcda82dcad62716,1968-01-01,Web
da07d14ab15f46c7866ce8606ef09cd3d7a1e7c4,1995-01-01,iOS app
0f4667ed5267f84fff54e3ec122aa4a4ebca132b,1974-01-01,Web
dc904dd3a5f738246a8ca1b34524d22f09b0344b,1994-01-01,Web
ec347da66b9988c027bc17715d38cc466c3cd3ff,1991-01-01,Web
1023f911ffdd301a1473e8fa5be42da8e6aa749d,1997-01-01,Web
42d7c4796e813a2fd6323137954e5d7f218dcd5f,1964-01-01,Web
9739c81b37609cef7fa7a2d6298b492912a06e49,1977-01-01,Web
94458d528c9aedd53fb19cfa82666045fc071684,1970-01-01,Web
b8befd901fa3094101a4f68e0314a6212ce72e9c,1991-01-01,Web
14dfe31f6fe7ee34b4d6c821c7ad75bba23c80e9,1970-01-01,iOS app
ecd749d6eea05e4a766ad6805c4b3e6038fab11f,1963-01-01,Web
7b8031ebc4aeb30ee907ec519aa6031d4789ce0e,1963-01-01,Web
a805eef6750851a422150aa4f05dfdadb9eaf772,1972-01-01,Web
1e3af75ed03886a4a49acd5bba0429210f558b91,1987-01-01,Web
12cba9380b1f9645ff129a4922739871ffa2ad59,1978-01-01,iOS app
c717f3f7396daa080bb412f97b94ad389b479fdb,1959-01-01,Web
5e1b182601540b04ae2178ab5b3c987ed921540b,1984-01-01,Web
36d6fc3b5d714d57e684407d02d61f4c2cb030c0,1951-01-01,Web
1108305e48c95e1c482c66208256fbc5f2ebe7be,1985-01-01,iOS app
586536a1e4e5914f1d3fafdaa19ba5acb6ddaeb3,1970-01-01,Web
917b3cff78a1cdcdbafb5b164eaf570efab1611c,1990-01-01,iOS app
a2c542dbe2575219d1c25fc9477b419f4a5969e9,1984-01-01,Web
c44bddd10300beef956f051f2b49569eb4478688,1964-01-01,Web
530180e36ce66f41e4249361f05e088f18e07463,1995-01-01,Web
da2f00eb1f2969ae43610a81ab6e5422b8c29fac,1985-01-01,Web
6d0ffb135aa93f10639f87d3b15db7f6aff8b6f0,1985-01-01,Web
1b341bc5d0f13cc9e85e8dd966d17ff89b56f805,1995-01-01,iOS app
71124a6ce9f6bbf6f037f815e180d40d1d1902b0,1984-01-01,Web
b9c8c0dd9e13871b3ccacc45b49c236192f5f9b1,1975-01-01,Web
a5eb5604ee2ed1c55778ffb7e653cfa39f672ec7,1976-01-01,iOS app
501ba982d199b3d86a0ac01a8222d96e1f7cb8dc,1980-01-01,Web
81f227451c07fc85d7ac383e22299d49a7c9e111,1972-01-01,iOS app
8d62d4c22db99306cc7cdefe6a94b75dcf6914e0,1975-01-01,Web
49ed01378f3080f3091735f052c31d10cb5f1f78,1985-01-01,Web
3210f7760c8dfb200e47bb31c4c48f52fafe0f08,1996-01-01,Web
a86f041ebffb7eda6f5458436499f948bd0a44cb,1971-01-01,Web
b8549cc7b79e4164bbba4809881442b15e82e8e4,1974-01-01,Web
afa154232e636c9ca415913b2cb29506f5598acf,1983-01-01,Web
9106afca0085e9521f4cbd5844d53b3a85d36db6,1989-01-01,Web
4c90b60b4bfa245406d9ae230170f46dc791a3cd,1980-01-01,Web
8a8f8bf6d00db35df2a1011ee4881dbabf53ca2f,1993-01-01,Web
2f8e957ea7ea4ee4e0ef020397f1e9ff7160a0b0,1978-01-01,Web
3b93fb45cc63413989d7fff91312265b0532acce,1973-01-01,Web
27f933a0ee2f3eb5c7d5383ef5141833c8853ebd,1981-01-01,Web
aeea592687e38cef238b265507c3fe5e9ed650eb,1982-01-01,Web
db8c1763cbc5b6e9f0d8b94870532909a2e6c50d,1973-01-01,Web
64d67a8b33ae6fbaabd6f6342ee3e3cc42ec9510,1965-01-01,Web
0b58695c4cd9a7edc6ac3d1ab6ad6da5add30cc2,1975-01-01,Web
6a9e145efda720570b4660318090bf70c2ebf458,1978-01-01,Web
0ac432ecbc2c761847098215063c4b6790f3082e,1950-01-01,iOS app
99e1355d6a57c11de285d327dc83fad899df8d9b,1992-01-01,Web
836df7b720b1b5597c41be2fd5843f10d8dc5372,1986-01-01,Web
6ab52a6a3990f083a2b0f896ec0eb2f58502d307,1977-01-01,Web
b5935ce05f7f9a28bc1d42cd480240fdb2aae751,1973-01-01,iOS app
dc731a9f055ab0d6f4eef0442afadd6006a8010b,1983-01-01,Web
1d594c5306fac7cc5f0fd13bcadfed69594d0caa,1966-01-01,Web
fd9b153d953867b88e3e8348640a88a4587168fe,1977-01-01,Web
fd347ed1b9afee57ec764579cd584df2095980c9,1982-01-01,Web
92b3530e6003fe45b1496dbefae13f8a134cc685,1985-01-01,Web
e7769d1b18ba48e2ddb9a16d4ea51dcbe52f1abe,1995-01-01,Web
d1f44a7a1684de368fe3d19578c17aea2ba02b5b,1974-01-01,Web
15722fa5b46075c5a7584b7e1e8f78f34a2b92db,1993-01-01,Web
9424e311c1cc2eb9d3b8c29bc8efe97ac917c4d8,1987-01-01,Web
99097c5e894889990f36a7bde5c37f58b834205a,1983-01-01,Web
cf072909cbff7a5bf2c5d0714b3c71db4b98f229,1946-01-01,Web
f0856a61d0452d7aa2fe90d601ef8c2cf8964626,1960-01-01,Web
220adab55e695d7dff9d987a66eec5d8098af86d,1981-01-01,iOS app
5eb9301a6c5f732ceb19aec83ad309c1d6f80393,1976-01-01,Web
d4a00b729acae79dbd1c3500821e7c205e945ae7,1990-01-01,Web
8100cd17476f8e47d4896700113c7ddc90111ccb,1982-01-01,Web
69222855ac8f53f66acc7c0da4ed4c0dfa1a9c0c,1983-01-01,Web
aa109c12482dbbfa99d3cb2ad8a9dea32fc67a04,1991-01-01,Web
76aa1011e2f31113c68b25421258b78958adde55,1981-01-01,Web
577e952dead8faad58eb2ac00fc65a6790505e23,1955-01-01,Web
368937e15f2960063305637ae77fcdeafc53254f,1991-01-01,Web
bea78411ae496fc24f8430a395d8480e75de5c90,1987-01-01,Web
d08b63469fa116d049d2fd2ad8187c16d07dd541,1981-01-01,Web
96d73b3d1c7714cc7217b2d129c61a5ef68a199d,1985-01-01,Web
c094fd305aa3c11055088eb5bd0959734bae4d97,1993-01-01,Web
6e7140ccc3501dcee7daf35738775d5f56995c78,1980-01-01,Web
56e64f1878f0563f44cdd5ce22e62823a4e1fe21,1975-01-01,Web
fe51c368c262aeab0dd7c33caf6f26b3c62f9436,1983-01-01,iOS app
7b423c8c23ed42fec3ed117a117529a95a315840,1983-01-01,Web
c5c47041b7644ea7291728a48af12ec84a3c0a1b,1968-01-01,Web
d75298744e52011d1e28169203a46fcabae2891a,1989-01-01,Web
982991441645ba506960a3fbc126e17fa51dc065,1957-01-01,iOS app
06310a5094d4ff8995a863db5fbb4638db6cf04b,1985-01-01,Web
d42db5b76c08ac7f9fc2d4c088f712f9137ce070,1984-01-01,iOS app
816324c505eb3e255ed285cee47717f494ad0841,1998-01-01,Web
80a40b1798a707ae430dbad27e48b9991c0b411d,1981-01-01,Web
29fb8d74d8bc4e16d72171f07067ee45a16fd205,1996-01-01,Web
c316d49d4dc8d15707f2d29f7acf4df195443f83,1988-01-01,Web
5021d12514500c5a9be5577dd5d58138cf538b4c,1989-01-01,Web
973fb02a12c9d7666b0f6fc248b4484e02a1a54e,1989-01-01,Web
96996854ea712be63f323cf5ce35b5da3d77eb8e,1981-01-01,iOS app
eb2b1ac3be896b5496468eadb5ec1f69c7bcc2d3,1960-01-01,Web
12a32113b50dd4c6743e6244d6f8227636c87c3b,1971-01-01,Web
2bbd2e1f86fd0bbdfd20aca6e859adedb4cf3e29,1970-01-01,iOS app
c938a056552a410597282d72d06d2074516b8222,1949-01-01,Web
a95b4b3e65eaba442bdab83b3c2b97dd0edbaa45,1991-01-01,Web
aeaeeadb1ac6cd53e345b8e8492a8cedbf9ada1e,1965-01-01,Web
e2c0ff3eb9b9e7a3c00dd815c6b1bd399d1919e4,1961-01-01,Web
7ffb450feb636bf170116fa509d8dd340d7aa59a,1973-01-01,Web
02a72a72ecedf1fd415c5e65d753a33709d89852,1918-01-01,Web
54d66518b5065cb588ce33835c7596aff4d48934,1980-01-01,Web
82218d93dd278b3bd21e08e734ffe5b8096cc52d,1971-01-01,Web
fffdc3f50d845e8504dfe610a90fe9955e045c43,1973-01-01,Web
5382c60276ecbea45f5bb6ab0df04031fe77fc76,1977-01-01,Web
9b40ab8394fce6cbf4cca5cf8ffe640353f8f587,1989-01-01,Android app
267bcea18393d69ef15d499ae47fa6c7ca8f4f5b,2000-01-01,Web
a1bccba0423e93ebe781efbfec83ad8cb4e1f821,1961-01-01,iOS app
49fc71263e96ef1514ec232d0ce9f628be87717c,1970-01-01,Web
40cd5478e0067cb9180c1e8af5ce5eb78f392d7e,1991-01-01,Web
7e2a03500a1441e56c94b3a1d841feec0872feb1,1999-01-01,Web
d91e5603fc4c2da2fe28f49f56742ad3e8a719b9,1987-01-01,Web
bd8fc67e1f55accda1bc31b5b5885d66020c8057,1986-01-01,Web
a89e857ffbadca45b24d81487a8b74b5cc34bde3,1974-01-01,Web
ab4ce7fc6ff3a9ca4e647268073afc066afa500d,1983-01-01,Web
16657edb037dfe822bfedd3092023c7faa843ecf,1974-01-01,Web
ec2195d61da568d2fa5a45b1671416335bd08fe6,1980-01-01,Web
a21db1b9cf70abf7614278a8c99bae9893d31291,1981-01-01,Web
0b11d80725f4f22a98ead3bad360779f1464fb3c,1987-01-01,iOS app
113c8eb6cf88b65cb6b02fba214b036d72ff0f5b,1979-01-01,iOS app
ffc394e03fb8fd7f379697b5e284db2d3b50c906,1984-01-01,Web
004febbc6e596fee566dc1d0c9bfab4586875bad,1974-01-01,Web
d4dc34084f08bf90fa7dc6344bd9868587b15b0d,1988-01-01,iOS app
256bf0c109290a8adb20e737bc96dc7bf6f5bdf5,1975-01-01,Web
897e1aace0963f33f12e1d07927c19c8e7876650,1991-01-01,Web
b34692656ca75c4db9daf42a374bd689ba460252,1971-01-01,Web
237a04d09615a11f9d4a2d44e68093179e7e7b3e,1973-01-01,Web
f0300cab401ac7cc6d74764cf7725d4d8ab1a3a1,1979-01-01,Web
9761ed29253e5962e161b649c869167aba9a60aa,1976-01-01,Web
6c689d6fe3d1291290dda86efd0034dd59496559,1982-01-01,Web
f3b612f658b542faa106d57c04f63c0999196ec1,1972-01-01,Web
e4ecab713f9c9b876b590ce0167497515c2276b7,1964-01-01,Web
bf98c9eae6d9c66a981b071901321d28899c3e80,1996-01-01,iOS app
dc290c4c4245b2d3242f59f214cd20b136f9134c,1951-01-01,Web
330f9e15e1b3aabb18a80b7af805fc2f2f4d16e5,1985-01-01,iOS app
17a4e2f95f6d55d9f2dd42c1f4205b24533431af,1969-01-01,Web
c67a546dcdc1d60e6da9a886efddcf9148af23b1,1982-01-01,Web
bd5443998a4ba7316cdeedc41be5136480c0374a,1933-01-01,iOS app
0e47e9399a53e0d061d9995d81cd3c47b3743dd0,1989-01-01,Web
a28f657f3b06e8acd4eb5c3d2eb42e94f7484300,1989-01-01,Web
fe6ee3bf6a843eebe93104bae1898859d6936de2,1971-01-01,Web
d3e8a765cf51016bed807808105a064b2f883993,1974-01-01,iOS app
699a6990da13e01dcfe92746a640746fe4b73323,1987-01-01,Web
69f67139a46eb85e830b24c998a91e7d76e7e2ee,1985-01-01,Web
7de6921df0ce350dbca6b5b0eca8e1e3941cb17c,1976-01-01,Web
7fdbed43e0aa9e4d8bf56b7d3213e963ffbcd582,1978-01-01,Web
754a70f87b700e1825d770449a81121386eb4113,1988-01-01,Web
b3a298bb146323121096ba51d0d435592ede9935,1976-01-01,iOS app
5f8a8ba1d4ab7c0f633fe2a9bc16c37b892e7e45,1982-01-01,Web
9b356ba6c88c398bce746bb4fa24e840c4a86bcc,1993-01-01,iOS app
3372df12fa6ca3947a81c0a9f9ab8d5745147153,1990-01-01,Web
b7d50d72d2b46dd289be46b28fe40cf678cf6b10,1977-01-01,Web
ad54ddc90977bcd8910555c83e8658447e95d0ca,1988-01-01,Web
16217c8ff0a1b51fc130c68fd936c82583b0ceaa,1983-01-01,Web
fb8f79607b89761743a99953b025bcc50c5ae257,1950-01-01,iOS app
103f0f84c346e05f2d484861c53d76b7fcf3c160,1980-01-01,Web
777afff49b7f6932f28b0ff0b8c38c676d10edbd,1986-01-01,Web
c60c70f9d5bacc70980c1b9b7c1b8a460781c0af,1983-01-01,Web
bc5e51aac47fccb60c34498a8a2a70b88d897205,1981-01-01,Web
1ecb92254d647c572a942a9a1f21c14964f1b281,1982-01-01,iOS app
e7fef17ccd3c2affc2f126609f7e73aff5240ea1,1978-01-01,Web
29e6b8d9f7a64cff0b5c574de881f5b06af15c56,1991-01-01,Web
3d812653a50796a50179df361b40edc67c84ffef,1976-01-01,Web
74869c26faa5be32616e79d1b2d5593b3af21cc9,1994-01-01,Web
b1a94383821bd57e139f7c7f466da35e152dc211,1987-01-01,Web
d5d327f1f1a84ced0a1e204ce31afac6f8d664a3,1989-01-01,Web
24d536e372611c4c65f0491bcd212d4a05f2b99d,1948-01-01,Web
998b6b0dc32080814ee9eb4cf92f41c3887f2743,1988-01-01,Web
9627b969f4f7a8dc39684f43b1b1d73c7210c8f3,1973-01-01,Web
ad3b3d5106a87116031f4c15ff8805d447ee8ac7,1992-01-01,Web
01d9fb0f6b7fc47af8b4e8c828993c9f2a7bd98a,1949-01-01,Web
f486b48f19175b80a4575ea0614419106d1b11b7,1989-01-01,iOS app
52dd30201386992903acbacfbede18709512f8ae,1952-01-01,Web
53b7a23052aa687f33f469501ddb84b6b3c82726,1988-01-01,iOS app
406675ea4673f354454ab9f5439253f788d11a36,1948-01-01,Web
b9043103e1222f004db5674bacf67c6a6411b796,1982-01-01,Web
097cc7d5ab01b5401a4b46309dbb70454cb3407d,1961-01-01,Web
63c45479421915a128026dcb063a13e236c4a7c9,1995-01-01,Web
74c0abf07bbe0d4174bf59c8f0a75f22d03ee4c4,1973-01-01,Web
5fe8da487b80ca714433123e18b4fa3e5b0de19a,1980-01-01,iOS app
6c19e94df08fb22fa0e370a101d57b38e0b3e8ad,1956-01-01,iOS app
f8766a85a2d199a0ca4dbc55a5d8ba81820c145a,1979-01-01,Web
5d0fa0f2c9927f119de1c019e15b1a58ec29b30e,1979-01-01,iOS app
83937943b9a0095b6f5c3a36ec7b47658b522877,1977-01-01,Web
0d3726219013723beca68c3b1ceb99df4de256b8,1972-01-01,Web
9c09d3bbfc4b79a2ea3b671a05da76b9bf5987a0,1974-01-01,Web
787a7609d24b2e69cc78cfdf7d77591b9bf7e23a,1990-01-01,Web
69420d35d178b0b003f08344df9a6192bc281c67,1974-01-01,Web
506adb5e7b6691a16ae38adc7cd50450f0e68968,1981-01-01,iOS app
e89b7fe427770946e8973c7ad7af8590d3ea17ca,1968-01-01,Web
7a44c2c7c23f0e3991c9da8a6e5920eb564bd9d4,1982-01-01,Web
e953e0b5d63c11fbfa53dcafe3c92012da045a9a,1993-01-01,Web
513b5cc8172d2360c30d6d6a80e311597728d71e,1975-01-01,Web
46266199f1c077cf53613d44ffa1b7a998d12fe4,1988-01-01,Android app
d621158944311dd1a0b0958e56dec6cb131d2fa1,1999-01-01,Web
a0ad81ca62d26485b2d8d0da5e111c957d0517fa,1986-01-01,Web
3a1ac4ce222458f1b350c9e68a93049bf6d540bc,1984-01-01,Web
4f84ee88348252bca8e348faf84de54430fab639,1985-01-01,Android app
90c286d105af75dec47a928d75d3a624539cc6e4,1977-01-01,Web
9ab8636591efda61ee0e6a04eb07fb8e637a9cf3,1978-01-01,Web
c6518be0884e36b5525b0ea35f6ea142b6b5138b,1933-01-01,Web
53cd3f92fff1803605d9085e7d9e3e25f4146b55,1988-01-01,Web
199f3804e9f6df469ce48b9c0f4e6ec5b53f16e3,1983-01-01,Web
cdf3e832d089295950db386bca31405554add799,1960-01-01,Web
2c5484ca8294486f905f5f97fde91b74dea2595f,1988-01-01,Web
8506d7d1ee0ad328937242f7be37010c514b9918,1990-01-01,Web
2fcc87c769dc8ca7a14808dc32f57fcbf6cb27d3,1975-01-01,Web
35621573b07160d1afa26bf1c0b31130f4b852d1,1956-01-01,Web
cca5f9d844c0cc7ad739912a1390c569840c4857,1975-01-01,Web
0500a7c69c53aa2bb41033eb08616e04e4d990c8,1970-01-01,Web
6daa22a4ceb334c955a0862d170725eb7165f526,1981-01-01,Web
e5dc1af6b4c0590d9b24615ebc85503795758826,1962-01-01,Web
bbe1110622d2d3155f35932a9f9518bbced8b5ab,1987-01-01,Web
ac993402fdf5112eb9afdfd2cccf10f798140ea7,1951-01-01,Web
4606c6bf78b209d93288dcc07bd0e62fbbe2edff,1986-01-01,Android app
c0851ad42f59a947cec9c82a9dc7244e3922bc14,1972-01-01,Web
921189d3d5bdc32c229bf7813ae1342372397981,1988-01-01,iOS app
d1c08d37a08bab7884b67a84892fe6e8484516ee,1984-01-01,Web
bfd3d228b91867f496a7bdf84d992fa56526eed9,1986-01-01,Web
072c58f7b81a9dd5b50e46cc4ee03dd13e112589,1971-01-01,Web
38eab6d9dd455ace82a7a3e91704621cda967e0e,1980-01-01,iOS app
ad10863975601728da6525b82fd8aee44226de0a,1986-01-01,Web
4c2fd940cbdac600778527e65d16d8cc363a0560,1967-01-01,Web
430dc0d21cc4eca662508b3a5eaaa73b21f8e954,1967-01-01,Web
e46e5b37774889f55580e82169c0086cc8fd713c,1981-01-01,Web
6d21ecf0017cc0fa68922b8452995f513430964b,1992-01-01,Web
c257a04705ea3e9163276fa74ee54dde4175156b,1987-01-01,Web
598274be07e9b55b0e379a45b5a2537c962ed1e3,1986-01-01,Web
8da6b5c44eccfb114775e0574c89c13bc7c265f0,1989-01-01,Android app
2a795bec85389cd74c7b2a0be9032eeda42dc65e,1983-01-01,Web
a194a6212525787a1aaded82f5d0e26e752f79af,1980-01-01,Web
c1f15fe1075a049e76c965df27845d54fe8e481c,1984-01-01,iOS app
f159c139990b87e928f3ea99dfe59000e841d320,1983-01-01,Web
60b76807ba3864606cba763867b5f885443a0fd3,1954-01-01,Android app
8b22a30e1e4af91b8252c1bc828c92cbd5a547d2,1993-01-01,Web
4feb8f92a1abbd6117bfc3f9811fe109467757bb,1979-01-01,Web
21d50ee8ec48409dc6ecdb676d744f5faf99162d,1967-01-01,Android app
498537007e87544c777efc87be7fe13f9a20e470,1977-01-01,Web
11a6f6ac9526e60270055826cc954e083bc55cf2,1979-01-01,Web
1517d3bac03f2a92d644ffa22c7b8cabab06675e,1976-01-01,iOS app
3d49ad6050d1abb8646ade548fa38208e2260b54,1961-01-01,Web
4ba5266214603cf7971691af078d12996b67ef0c,1987-01-01,Web
8e495a4111bcab6facb1e844e75dd8bf91abed5d,1978-01-01,Web
6bedb10018da3644faf72c4866aec960cffee959,1982-01-01,Web
a95bb40aeb8d74cf65de891a7e379e52ccbb5e2e,1967-01-01,iOS app
9feb0a4aec48fe002baf673a8d6f08fd25d7b9fc,1973-01-01,Web
4c2dc30427f9ff107aa48a03f9ca9adbd7344157,1989-01-01,Web
28406382d30623dd54af07c82b897e58de2cb5b5,1974-01-01,Web
8386f7b9e7a26efda5afec817d0ca32cb2c36b28,1980-01-01,Web
6409043f308ae90d22c1d4dc636fd0e338f50795,1980-01-01,Web
6ae71ab65cfa51cf880b7e6ddfc53163c46e359d,1984-01-01,Web
f017ecb28c885a8e782ee8e491ca14e2e9a795f4,1981-01-01,Web
a0d191c6b7d0ebfc147ca95f553dd599bcff4e61,1988-01-01,Web
71de9fcdda8971ab24a4f00710db89172771dfdb,1962-01-01,Web
367fbd7e04dae364789b8894b16c9a8005599b43,1981-01-01,Web
90ceb7bdc95f46071ed0b93e1938ff40f3cf87e9,1977-01-01,Web
2a6cffb16425a06ceb4d5ddbf09c48a16bd5304e,1977-01-01,Web
41fcd079b934617bb2e59c0c566c04283ba7625a,1986-01-01,Web
f66bedc674ad49ce0b85bc2a3230997dfd34c3dc,1976-01-01,Web
268546106a6ce4b9f29266ecade1339de3f38c8c,1982-01-01,Web
bd6bdb2a1a8117ff18a29847a55e038934ec516c,1978-01-01,iOS app
f35f52f115ea5e1d70ae901a68d79c9dd17789b4,1983-01-01,Web
3828e41b19da834b925863bdfecbf7d3d7d47b81,1963-01-01,Web
953c363e2c698a405923e48d0673ff79caac7a0b,1973-01-01,Web
487282c33a8ed7914397480488f56ab5e60b8b93,1992-01-01,Web
0173453faa768a93b7f3f8ea56581a2a0c769276,1984-01-01,Web
ab7b1a35fd6c747080457617d3544aa1f99eaa52,1990-01-01,iOS app
431bb34ab91bb632d1fe31027da333ee441a7f47,1984-01-01,iOS app
1888064d24085dca90ea883f5b0028d2c45d2ef2,1953-01-01,Web
8f97b07151285aa513dc1958131c7b80ff23d45e,1979-01-01,Web
c22d9ac80b95191d0c24a9aa67e4e7482b58110e,1964-01-01,Web
a0e237a7b078ec0d289ae95d1f74ae72d100328d,1971-01-01,Web
fed9c99eedc8279a579b8f2107a9eb70f01a3f2e,1952-01-01,Web
7af00e98d5fdfe672d7e84f93f5a7580e9a42084,1983-01-01,Web
0243d28283028f78a3954818a362e253fa3a979f,1995-01-01,Web
1f8d18548f7c35385e98fb08813ba1cd4fbaaf68,1980-01-01,Android app
802bcb75746864cea5276f5ff73e99915f83cc9f,1976-01-01,Web
e5142bd873a18785f0ba95f036e6af2b562882cf,1983-01-01,Web
106494256ef8d5d1e30fb063d7a3441bc6a7c64f,1975-01-01,Web
6d5d040404483fba02a6fdf03280f22a83487315,1987-01-01,Web
666b1a62f136843cfd32527ad6d1073d3ef2840d,1991-01-01,Web
5a5d974c8ce016da34502a92df3c3d7055b9f706,1975-01-01,Web
8fa8b0502cfd130ac9f35b74bbcbcd6f2dc2c49c,1977-01-01,Web
87354112c50dd9c28b44126947b25157f784ab3c,1982-01-01,Web
8f3a51bd813c02242af3fe1e6e79553add70d86f,1984-01-01,iOS app
d11883bc765dbadb30054c88d44d8d8b47dcd616,1989-01-01,Web
b894b974407d3abde95a6f745fcf17142f32a257,1962-01-01,Web
7168ac2d4ac577903bd7e8b677680a3ad1ad650e,1986-01-01,Web
a7e4a4878585305c1f9cce746ea3854786fd438b,1977-01-01,Web
242e2c4e6f8a47573171cae8e2da80b8062367ba,1990-01-01,Web
85b1b2a2c9e4f33b690e0be4b198c996b657fb83,1946-01-01,Web
9d5dc4b02285d113153e726b53d21b3edea193ec,1979-01-01,Web
5bb66b2a0412bae5b82323a34cf730371dfc4ac4,1995-01-01,Web
98ed150259e776ecedcf3b28dc53379b09c766c9,1976-01-01,Web
848f0e4e05e7f063a88ab91a6098876816894216,1975-01-01,Web
9d9c26d325825dda8e51fd042fbacb13ddda888b,1947-01-01,Web
1062d651d59f5a4815081c7fb99403a704498f7a,1975-01-01,Web
01207689b9c337a521ddc56532c65f0372f66b91,1980-01-01,Web
a7367fd0caf17791bd4b82e50d9ede1f760fd2fc,1987-01-01,Web
3bf3086e5298822d8db6fb35fa20cc2bd8e6317d,1986-01-01,Web
eca5f4a2c6157747b787af6c637d72ebdf085521,1938-01-01,Web
2264c1ef780f29cbc5635e3c0d011a3d33540a37,1948-01-01,Web
72e9b059582745e42f54710fd19c40a844ea2fea,1988-01-01,Web
d466724efbfab70ab3cde5dce3e5a6a0626fbdfc,1981-01-01,Web
4e55e3a4fe494f654f0dace94c028a03be80deeb,1984-01-01,Web
ab4e6efbda8957c88dc80c4280c6671f0a4f175a,1981-01-01,Web
e815848d1769f61d75e734919bcc4f7d124d9b5e,1968-01-01,Web
7faf0a949559f8638921a8e77d2b258b2be60bf0,1990-01-01,Web
c8e7cd9bdb49620c51114e7d4eea37d757365790,1993-01-01,Web
09eef6c2328f6784a767d6d3b8760c9e5de94e5a,1985-01-01,Web
73500959fbc9c1a8e530e5cd01bcc59a6d6d4ac6,1979-01-01,iOS app
1331230f213ad21ec4b2d91fb72759fe51116f08,1984-01-01,Android app
972a5c42a2dc6c875a28f3f7b0a29a5ee70bb537,1982-01-01,Web
2e63ab85fbc125500565b5ea2eb84d588b1af3ff,1981-01-01,Web
62e5aa4e405d6e11e6a593d1a93b9f9381c18cb2,1989-01-01,iOS app
ccb2eec947b568fff8060d0eab41265c6587f556,1975-01-01,Web
147916ffad08efb5e9385504e9f9d250d0059bd4,1993-01-01,Web
02a3ad35ed8d9ddbb3874743afeed377b1658570,1981-01-01,Web
a46769329c7d5a7e1a12bd5d35a0a9860ce90251,1953-01-01,Web
633f0dd7b9fc51864b63c7cda225bedf7fae8ddf,1969-01-01,Web
1d26805c9c4a929b220e6886d3823351b08d9c88,1994-01-01,Web
24565be6f1d6ba1307e80f024963fee78abc654f,1977-01-01,Web
d6117a017ca449d514ac463939944c99b956dafc,1971-01-01,iOS app
337e16bba5e23b13b8bf0b74030643d26f8ff490,1983-01-01,iOS app
60cd310b86784c63bcad7bd3285d5b3cb96e7382,1971-01-01,Web
7f18a6433998eac518be3f121120c74b39db361c,1987-01-01,Web
8400431ae681ae138871963807337e2f042ec8ce,1988-01-01,Web
e846b3b78794609bb0b0f5b8e4701bf5190c63dd,1993-01-01,Web
a5a119f795a6aaa4f0b562980f9798987d57017b,1982-01-01,Web
f79c8d14b5ae805435d17d1bce9e9c3f15d24216,1978-01-01,Web
a0f04556837abdef1d68a78c3aa6eae4d137d9b3,1983-01-01,Web
fae4e040a2728e8883c50485215d8301d63f1895,1988-01-01,iOS app
e50807fb50842e426dd307678be18f346729bb16,1972-01-01,Web
4de798897a04c6cb04ceb4077169859afa3a1f6b,1978-01-01,Web
c0ef38f3f226bded93154f9798eddc9336d89231,1972-01-01,Web
d46584b63ecc883436ac1d1e7293cc0c69aebdce,1988-01-01,Web
cd1b92b8e202c89782092d41d07267e90775bb81,1952-01-01,Web
65ef89442bcde063c3536645274a52905b6fa484,1979-01-01,iOS app
cf8c89951c97e44e726dd127b3b051b7b3b6ec0e,1978-01-01,Web
0884cd089cb4820207b590a4475fa7146c04d406,1984-01-01,Web
16150f7cb8b513ec16ee65517a9a207eff0fb389,1978-01-01,Android app
312c6565849ffba0ceb70ef99d421054c29a6f2a,1968-01-01,Web
a6965a9286ae7ae97ce50be0e184e26a252cd6de,1988-01-01,Web
5dc3868dd2e30d47abe0712507dcfe6070f22d24,1987-01-01,Web
322b07cc397771a47a629b41c372632cd61e4a44,1979-01-01,iOS app
98d6c8d95eda1f49f48370838f97756ebda68adf,1982-01-01,iOS app
b987564cc1fccd6feedd5798c80f0fc452fa611c,1995-01-01,Web
dc694fbaad6423974c31e9faf73139e34d0cef50,1985-01-01,Web
592d0f99b2cb8ac9215ee1f533e33ecb1e1439ff,1982-01-01,Web
8bac0ca0fc515be30e03a8cdb66b6a4bdd2b10bf,1977-01-01,Web
2a54959583940945feaaf618cd6a8dea625e095d,1987-01-01,Web
b222d5be97e0fceba59412f836aacb69893c408b,1936-01-01,Web
45e32171597eecd9fcbfc6aeb00dbb7676e806f8,1974-01-01,Web
4a3ba04132c1778e33c6037cbf1a56964bc26048,1976-01-01,Web
7e10522f56e6b9cff6c0fbad893e2acdd8c06ce6,1969-01-01,Web
369879f091a9cda3b60fcedf4e0fb4bd23b32cfe,1970-01-01,Web
56eaa37ba55a85b0055b57d09f81ae155aeadd50,1977-01-01,Web
d70b26ee64098a2f28d2c02918feef5278d1fb29,1985-01-01,Web
83817152171253b526d0145a7c7c74c71ad7b249,1977-01-01,Web
411d3bdda0e7b8e1025ce22b97831c679b3df172,1988-01-01,Web
f54cd2475c10c1a18dd881335cafbba19361fa11,1990-01-01,iOS app
f089ee60a3516400df454c38b3f267de81057630,1978-01-01,Web
f88511bf084b6945d7b4ccea31ce1d96438ad0a2,1986-01-01,iOS app
63b8a86c077c54855eeb3b80460f80c517e9e321,1980-01-01,Web
52283b621629004f649f6334f6491b7fdfceeb63,1968-01-01,Android app
f5afa34b23f76f31cf1f21cca492683b525b69bd,1965-01-01,Web
15079540cbe1fa820857274d2c29f266d8291c34,1973-01-01,Web
f68854182862b2ab389b6fb7229864bee0d9ada3,1944-01-01,Web
7b78d04c6bd2d77807f1ec16c571f79f45d68ec8,1982-01-01,Web
130533391d9627d6e26b4ccf9bd6a1f95b78b57e,1968-01-01,Web
b379ebe5fd60ce8f4d650972cb9a9a070ec8e676,1988-01-01,Web
a9a613489f14e73fcf1f455283894a55131fec4e,1977-01-01,Web
84adaf1f1d6e44b101808b8542115cd191ee54b2,1974-01-01,Web
b413c3512df9ef9b3b199e6280fc57dbe3e4ab29,1987-01-01,Web
95544e9cdd0534655d11028149f6f401cff4f614,1974-01-01,Web
b9bfcf4779df011cc7c1a236e86db4b39a8b723f,1928-01-01,iOS app
6617db02e460191d0ad021b740b5bdd9be4e86c2,1981-01-01,Android app
b76d3f15881c9446c2d3479097d1a750aeeea6b8,1979-01-01,Web
3936042ed09689aec0d14d208c8a35061c8d44f2,1927-01-01,Web
95f48f8bb3093124f3505b5ea44fcea2ee66bd97,1979-01-01,iOS app
bcd552584e49cd80dd3417cbac3148bed8d4afb9,1988-01-01,iOS app
f1fb17c8b743c5e89d08f3a9998f526432e8c2e2,1930-01-01,Web
744d78f31493b8694c319b6a55aed407446f9de3,1937-01-01,Web
268960ee48c9f4da14f0f6bb093b8531a66b6623,1986-01-01,Web
9dc93e9342854dead48d2e1ab21567b38900f82f,1986-01-01,Web
9d351b68d0f89f7cec03852ee4bf2d9af083450a,1981-01-01,Web
f3dc85d6a74494d315afa799fd58ebb81841082f,1940-01-01,Web
37a2f715f6292b39f27210bf658c9b316fdbce3b,1989-01-01,Web
ae4a021e6be791b89c475003585fa6b55b39d5fc,1975-01-01,Web
bd7e989c4307abec7db1855049152215d9f5a35b,1982-01-01,Web
e47140109e6a1eb42c3bdcc058c7ada1f909fec7,1982-01-01,Web
9e1fb8ff92ee440c85cd69fa30ab3562bae01c36,1965-01-01,Web
e54c0bb5c9f6b97d5058b84e48c01a05dfbb4f6d,1981-01-01,Web
3b453aca2239a004daee3475937be626ab56a785,1990-01-01,Web
3b07a8b302314d11ea1e7651a7b9b5e8d804275e,1981-01-01,Web
ce63fa2b69709f31a5b6c6a3feb75153453323df,1982-01-01,Web
baf1298ba186f1019cbc79afa7b02d717d9f3153,1988-01-01,iOS app
a811b49ecae9a0ef63f2f6b34c8bade6e33e818d,1986-01-01,Web
72ce7aff2d9578edb8cc1e1479cefe0663a20b54,1934-01-01,Web
1292f54bf99c2906e35c3f892cb5438a5c2f03f9,1987-01-01,Web
3b9a1c1c01462070a8a541938638294c8f77cddb,1979-01-01,Web
679ac6aa6ed0f6caf42c7d88998abcb4204a75f4,1975-01-01,Web
186c0968936ca392d27fab9e325abd8e68375043,1975-01-01,Web
fc6f224110d4029c56f44e763e3e6015de078776,1968-01-01,Web
c9b9fe25f7ac827cd03ad369ee4b42ce01803b6a,1984-01-01,Web
025c642d41db4aa62a27e5bd738dddcc883262c3,1959-01-01,Web
02725f32f851afb0743f51185ab6607c8aa4bfb9,1956-01-01,Web
5ba582823934e60e6c861c7fb473c274f29bd39c,1987-01-01,Web
7f3638d93e47a7c6175ceab716d7f4e09c45154d,1981-01-01,Web
ea324c8996d7111ca99cafa7efca6bc14b53f619,1951-01-01,Web
1bc5d093af89ff8228ce400783c7aab3715b0f76,1971-01-01,Web
0e20d1843b5821c2562678296e1a23cf8ee6083b,1979-01-01,Web
ab37b0d7cfbd48d3b508cb99d48e80aa4140b84e,1983-01-01,Web
1d3d5a68921a99d1665c21acd60b883573941cb4,1972-01-01,Web
5a42f9c9c1fc017356de83f281025af0e3957469,1962-01-01,Web
b0097a7c9d01a10b431759baf102957375de1c04,1992-01-01,Web
e795e3138bffa43eee83355cf253400297edfaf9,1986-01-01,Web
d251999071101c130abfb892a7b08310aaf6e5cf,1982-01-01,Web
635b737e2e2e571503118f12f9351143a6bfd4a8,1974-01-01,Web
e8a830531cf59973a6f65e39eb74709913aa0f9d,1946-01-01,Web
9c81ae6ac9252256f1d5cc26473bee9890b85a81,1966-01-01,Web
1d0230b6e88ec5c69e891f6de05f4c13320f9f26,1980-01-01,Web
9ad495f65724b0cb28a9014d0da2ba5b3ed403c4,1982-01-01,Web
dcb061153b8df1d7cad06e28ba0def1cb4c0bcf2,1984-01-01,Web
12f3706e324d82db0ab0f481e3075abbf6e43031,1987-01-01,Web
56b2188d029e4ef8a8b934cf8f62117381617b93,1996-01-01,Web
f2206e0215111b03d81f375c8c6f6e1dc34b85dc,1990-01-01,Web
9b0cb6300f54f5a3ffe520126a45dffcae94450e,1990-01-01,Web
50606a25c7598c7034ca4a02f855fabee3780f47,1991-01-01,Android app
730699435f30ce308050aaadfcb4fb4cc1a1fc05,1961-01-01,Web
68183d7964fb07da77982fa6acec5ab5cfa27f73,1978-01-01,Web
0110431e0943fbf3e08584d4b9aa500c4392140a,1977-01-01,Web
9969a4d7ab6a71aaf8642e85a34594655549840a,1990-01-01,Web
7eed11efcb450b04d7f37ca121b785ecdf741865,1951-01-01,Web
de9334f43b947385993e5accf12ad7643d5fafa1,1983-01-01,Web
fe0b96f16cd8ed5d42c010d208365fcbf75cf4b6,1978-01-01,Web
d983b19566e6158a16af6662b5313c94acaa2eb8,1986-01-01,Web
9ebe6ec854af5a33d6fd15adc212b3daeb92ada3,1958-01-01,Web
0c3081a8966a06c61c2361ebc5b47f2a47cf982e,1976-01-01,Web
06970442957adeef45fa182e574cbc75714bcace,1973-01-01,Web
9cd0ff1a358a2877f2f01c42be106a76b4e9ab04,1994-01-01,Web
786a058576abf3a14015f07aae039d56b4381e73,1988-01-01,Web
6de6ee538c4c60c52c5f8ccd8937ccf12d28dcab,1985-01-01,Web
3d210c85cd24b56258ee0bd12be2155a293077b3,1990-01-01,Web
3a381c523361bca68c903586cc3c349e4b0bad10,1981-01-01,Web
3ef6abc6eb083d87989ac1fd0113ad93ffe8a78f,1978-01-01,iOS app
efea5f7a4361bf5ace16c043be8c91be65a1b208,1985-01-01,Web
94cf2dec119b0919505e72ba2cc943755b573253,1973-01-01,Web
ccadd43effbdf4c63c0268cbff7817dd8b0743f1,1986-01-01,Web
08917bda3b4567be4d9e883c22c33a283762b65c,1975-01-01,Web
45fb59ef242c9eb2583f4f40713a1a180041bd4a,1950-01-01,Web
9af1db341bdce863fa12ef12951cdc8b60982699,1964-01-01,Android app
